"video_id","label"
"AN_WILTY_EP15_lie10.mp4","1"
"AN_WILTY_EP15_lie11.mp4","1"
"AN_WILTY_EP15_lie12.mp4","1"
"AN_WILTY_EP15_lie13.mp4","1"
"AN_WILTY_EP15_lie14.mp4","1"
"AN_WILTY_EP15_lie15.mp4","1"
"AN_WILTY_EP15_lie16.mp4","1"
"AN_WILTY_EP15_lie17.mp4","1"
"AN_WILTY_EP15_lie18.mp4","1"
"AN_WILTY_EP15_lie19.mp4","1"
"AN_WILTY_EP15_lie4.mp4","1"
"AN_WILTY_EP15_lie5.mp4","1"
"AN_WILTY_EP15_truth2.mp4","0"
"AN_WILTY_EP15_truth20.mp4","0"
"AN_WILTY_EP15_truth21.mp4","0"
"AN_WILTY_EP15_truth22.mp4","0"
"AN_WILTY_EP15_truth23.mp4","0"
"AN_WILTY_EP15_truth24.mp4","0"
"AN_WILTY_EP15_truth3.mp4","0"
"AN_WILTY_EP15_truth6.mp4","0"
"AN_WILTY_EP15_truth7.mp4","0"
"AN_WILTY_EP15_truth8.mp4","0"
"AN_WILTY_EP15_truth9.mp4","0"
"AN_WILTY_EP16_lie1.mp4","1"
"AN_WILTY_EP16_lie17.mp4","1"
"AN_WILTY_EP16_lie18.mp4","1"
"AN_WILTY_EP16_lie19.mp4","1"
"AN_WILTY_EP16_lie2.mp4","1"
"AN_WILTY_EP16_lie20.mp4","1"
"AN_WILTY_EP16_lie21.mp4","1"
"AN_WILTY_EP16_lie3.mp4","1"
"AN_WILTY_EP16_lie4.mp4","1"
"AN_WILTY_EP16_lie5.mp4","1"
"AN_WILTY_EP16_lie6.mp4","1"
"AN_WILTY_EP16_lie7.mp4","1"
"AN_WILTY_EP16_truth10.mp4","0"
"AN_WILTY_EP16_truth11.mp4","0"
"AN_WILTY_EP16_truth12.mp4","0"
"AN_WILTY_EP16_truth13.mp4","0"
"AN_WILTY_EP16_truth14.mp4","0"
"AN_WILTY_EP16_truth15.mp4","0"
"AN_WILTY_EP16_truth16.mp4","0"
"AN_WILTY_EP16_truth22.mp4","0"
"AN_WILTY_EP16_truth23.mp4","0"
"AN_WILTY_EP16_truth24.mp4","0"
"AN_WILTY_EP16_truth25.mp4","0"
"AN_WILTY_EP16_truth26.mp4","0"
"AN_WILTY_EP16_truth8.mp4","0"
"AN_WILTY_EP17_lie1.mp4","1"
"AN_WILTY_EP17_lie13.mp4","1"
"AN_WILTY_EP17_lie14.mp4","1"
"AN_WILTY_EP17_lie15.mp4","1"
"AN_WILTY_EP17_lie16.mp4","1"
"AN_WILTY_EP17_lie17.mp4","1"
"AN_WILTY_EP17_lie18.mp4","1"
"AN_WILTY_EP17_lie19.mp4","1"
"AN_WILTY_EP17_lie8.mp4","1"
"AN_WILTY_EP17_lie9.mp4","1"
"AN_WILTY_EP17_truth10.mp4","0"
"AN_WILTY_EP17_truth11.mp4","0"
"AN_WILTY_EP17_truth12.mp4","0"
"AN_WILTY_EP17_truth2.mp4","0"
"AN_WILTY_EP17_truth3.mp4","0"
"AN_WILTY_EP17_truth4.mp4","0"
"AN_WILTY_EP17_truth5.mp4","0"
"AN_WILTY_EP17_truth6.mp4","0"
"AN_WILTY_EP17_truth7.mp4","0"
"AN_WILTY_EP18_lie10.mp4","1"
"AN_WILTY_EP18_lie11.mp4","1"
"AN_WILTY_EP18_lie12.mp4","1"
"AN_WILTY_EP18_lie14.mp4","1"
"AN_WILTY_EP18_lie15.mp4","1"
"AN_WILTY_EP18_lie16.mp4","1"
"AN_WILTY_EP18_lie17.mp4","1"
"AN_WILTY_EP18_lie18.mp4","1"
"AN_WILTY_EP18_lie20.mp4","1"
"AN_WILTY_EP18_lie21.mp4","1"
"AN_WILTY_EP18_lie22.mp4","1"
"AN_WILTY_EP18_lie6.mp4","1"
"AN_WILTY_EP18_lie7.mp4","1"
"AN_WILTY_EP18_lie8.mp4","1"
"AN_WILTY_EP18_lie9.mp4","1"
"AN_WILTY_EP18_truth1.mp4","0"
"AN_WILTY_EP18_truth13.mp4","0"
"AN_WILTY_EP18_truth19.mp4","0"
"AN_WILTY_EP18_truth2.mp4","0"
"AN_WILTY_EP18_truth23.mp4","0"
"AN_WILTY_EP18_truth3.mp4","0"
"AN_WILTY_EP18_truth4.mp4","0"
"AN_WILTY_EP18_truth5.mp4","0"
"AN_WILTY_EP19_lie1.mp4","1"
"AN_WILTY_EP19_lie10.mp4","1"
"AN_WILTY_EP19_lie11.mp4","1"
"AN_WILTY_EP19_lie12.mp4","1"
"AN_WILTY_EP19_lie13.mp4","1"
"AN_WILTY_EP19_lie14.mp4","1"
"AN_WILTY_EP19_lie15.mp4","1"
"AN_WILTY_EP19_lie16.mp4","1"
"AN_WILTY_EP19_lie17.mp4","1"
"AN_WILTY_EP19_lie18.mp4","1"
"AN_WILTY_EP19_lie19.mp4","1"
"AN_WILTY_EP19_lie2.mp4","1"
"AN_WILTY_EP19_lie7.mp4","1"
"AN_WILTY_EP19_lie8.mp4","1"
"AN_WILTY_EP19_lie9.mp4","1"
"AN_WILTY_EP19_truth20.mp4","0"
"AN_WILTY_EP19_truth21.mp4","0"
"AN_WILTY_EP19_truth3.mp4","0"
"AN_WILTY_EP19_truth4.mp4","0"
"AN_WILTY_EP19_truth5.mp4","0"
"AN_WILTY_EP19_truth6.mp4","0"
"AN_WILTY_EP20_lie10.mp4","1"
"AN_WILTY_EP20_lie12.mp4","1"
"AN_WILTY_EP20_lie13.mp4","1"
"AN_WILTY_EP20_lie14.mp4","1"
"AN_WILTY_EP20_lie15.mp4","1"
"AN_WILTY_EP20_lie16.mp4","1"
"AN_WILTY_EP20_lie5.mp4","1"
"AN_WILTY_EP20_lie6.mp4","1"
"AN_WILTY_EP20_lie7.mp4","1"
"AN_WILTY_EP20_lie8.mp4","1"
"AN_WILTY_EP20_lie9.mp4","1"
"AN_WILTY_EP20_truth1.mp4","0"
"AN_WILTY_EP20_truth11.mp4","0"
"AN_WILTY_EP20_truth2.mp4","0"
"AN_WILTY_EP20_truth3.mp4","0"
"AN_WILTY_EP20_truth4.mp4","0"
"AN_WILTY_EP21_lie1.mp4","1"
"AN_WILTY_EP21_lie10.mp4","1"
"AN_WILTY_EP21_lie11.mp4","1"
"AN_WILTY_EP21_lie12.mp4","1"
"AN_WILTY_EP21_lie13.mp4","1"
"AN_WILTY_EP21_lie14.mp4","1"
"AN_WILTY_EP21_lie15.mp4","1"
"AN_WILTY_EP21_lie16.mp4","1"
"AN_WILTY_EP21_lie17.mp4","1"
"AN_WILTY_EP21_lie18.mp4","1"
"AN_WILTY_EP21_lie22.mp4","1"
"AN_WILTY_EP21_lie23.mp4","1"
"AN_WILTY_EP21_lie24.mp4","1"
"AN_WILTY_EP21_lie5.mp4","1"
"AN_WILTY_EP21_lie6.mp4","1"
"AN_WILTY_EP21_lie7.mp4","1"
"AN_WILTY_EP21_lie8.mp4","1"
"AN_WILTY_EP21_lie9.mp4","1"
"AN_WILTY_EP21_truth19.mp4","0"
"AN_WILTY_EP21_truth2.mp4","0"
"AN_WILTY_EP21_truth20.mp4","0"
"AN_WILTY_EP21_truth21.mp4","0"
"AN_WILTY_EP21_truth3.mp4","0"
"AN_WILTY_EP21_truth4.mp4","0"
"AN_WILTY_EP22_lie10.mp4","1"
"AN_WILTY_EP22_lie11.mp4","1"
"AN_WILTY_EP22_lie12.mp4","1"
"AN_WILTY_EP22_lie16.mp4","1"
"AN_WILTY_EP22_lie17.mp4","1"
"AN_WILTY_EP22_lie21.mp4","1"
"AN_WILTY_EP22_lie23.mp4","1"
"AN_WILTY_EP22_lie24.mp4","1"
"AN_WILTY_EP22_lie25.mp4","1"
"AN_WILTY_EP22_lie26.mp4","1"
"AN_WILTY_EP22_lie27.mp4","1"
"AN_WILTY_EP22_lie28.mp4","1"
"AN_WILTY_EP22_lie29.mp4","1"
"AN_WILTY_EP22_lie30.mp4","1"
"AN_WILTY_EP22_lie5.mp4","1"
"AN_WILTY_EP22_lie6.mp4","1"
"AN_WILTY_EP22_lie7.mp4","1"
"AN_WILTY_EP22_lie8.mp4","1"
"AN_WILTY_EP22_lie9.mp4","1"
"AN_WILTY_EP22_truth1.mp4","0"
"AN_WILTY_EP22_truth13.mp4","0"
"AN_WILTY_EP22_truth14.mp4","0"
"AN_WILTY_EP22_truth15.mp4","0"
"AN_WILTY_EP22_truth18.mp4","0"
"AN_WILTY_EP22_truth19.mp4","0"
"AN_WILTY_EP22_truth2.mp4","0"
"AN_WILTY_EP22_truth20.mp4","0"
"AN_WILTY_EP22_truth3.mp4","0"
"AN_WILTY_EP22_truth4.mp4","0"
"AN_WILTY_EP23_truth1.mp4","0"
"AN_WILTY_EP23_truth2.mp4","0"
"AN_WILTY_EP23_truth3.mp4","0"
"AN_WILTY_EP23_truth4.mp4","0"
"AN_WILTY_EP23_truth5.mp4","0"
"AN_WILTY_EP23_truth6.mp4","0"
"AN_WILTY_EP23_truth7.mp4","0"
"AN_WILTY_EP23_truth8.mp4","0"
"AN_WILTY_EP23_truth9.mp4","0"
"AN_WILTY_EP24_lie1.mp4","1"
"AN_WILTY_EP24_lie10.mp4","1"
"AN_WILTY_EP24_lie13.mp4","1"
"AN_WILTY_EP24_lie14.mp4","1"
"AN_WILTY_EP24_lie15.mp4","1"
"AN_WILTY_EP24_lie16.mp4","1"
"AN_WILTY_EP24_lie17.mp4","1"
"AN_WILTY_EP24_lie2.mp4","1"
"AN_WILTY_EP24_lie3.mp4","1"
"AN_WILTY_EP24_lie4.mp4","1"
"AN_WILTY_EP24_lie5.mp4","1"
"AN_WILTY_EP24_lie6.mp4","1"
"AN_WILTY_EP24_lie7.mp4","1"
"AN_WILTY_EP24_lie9.mp4","1"
"AN_WILTY_EP24_truth11.mp4","0"
"AN_WILTY_EP24_truth8.mp4","0"
"AN_WILTY_EP25_lie1.mp4","1"
"AN_WILTY_EP25_lie10.mp4","1"
"AN_WILTY_EP25_lie11.mp4","1"
"AN_WILTY_EP25_lie2.mp4","1"
"AN_WILTY_EP25_lie3.mp4","1"
"AN_WILTY_EP25_lie7.mp4","1"
"AN_WILTY_EP25_lie8.mp4","1"
"AN_WILTY_EP25_lie9.mp4","1"
"AN_WILTY_EP25_truth4.mp4","0"
"AN_WILTY_EP25_truth5.mp4","0"
"AN_WILTY_EP25_truth6.mp4","0"
"AN_WILTY_EP26_lie1.mp4","1"
"AN_WILTY_EP26_lie14.mp4","1"
"AN_WILTY_EP26_lie15.mp4","1"
"AN_WILTY_EP26_lie16.mp4","1"
"AN_WILTY_EP26_lie17.mp4","1"
"AN_WILTY_EP26_lie18.mp4","1"
"AN_WILTY_EP26_truth10.mp4","0"
"AN_WILTY_EP26_truth11.mp4","0"
"AN_WILTY_EP26_truth12.mp4","0"
"AN_WILTY_EP26_truth13.mp4","0"
"AN_WILTY_EP26_truth2.mp4","0"
"AN_WILTY_EP26_truth3.mp4","0"
"AN_WILTY_EP26_truth4.mp4","0"
"AN_WILTY_EP26_truth5.mp4","0"
"AN_WILTY_EP26_truth6.mp4","0"
"AN_WILTY_EP26_truth7.mp4","0"
"AN_WILTY_EP26_truth9.mp4","0"
"AN_WILTY_EP27_lie1.mp4","1"
"AN_WILTY_EP27_lie11.mp4","1"
"AN_WILTY_EP27_lie12.mp4","1"
"AN_WILTY_EP27_lie2.mp4","1"
"AN_WILTY_EP27_lie4.mp4","1"
"AN_WILTY_EP27_truth10.mp4","0"
"AN_WILTY_EP27_truth13.mp4","0"
"AN_WILTY_EP27_truth14.mp4","0"
"AN_WILTY_EP27_truth15.mp4","0"
"AN_WILTY_EP27_truth16.mp4","0"
"AN_WILTY_EP27_truth5.mp4","0"
"AN_WILTY_EP27_truth6.mp4","0"
"AN_WILTY_EP27_truth7.mp4","0"
"AN_WILTY_EP27_truth8.mp4","0"
"AN_WILTY_EP27_truth9.mp4","0"
"AN_WILTY_EP28_lie1.mp4","1"
"AN_WILTY_EP28_lie2.mp4","1"
"AN_WILTY_EP28_lie3.mp4","1"
"AN_WILTY_EP28_lie4.mp4","1"
"AN_WILTY_EP28_lie5.mp4","1"
"AN_WILTY_EP28_lie6.mp4","1"
"AN_WILTY_EP28_truth10.mp4","0"
"AN_WILTY_EP28_truth11.mp4","0"
"AN_WILTY_EP28_truth12.mp4","0"
"AN_WILTY_EP28_truth13.mp4","0"
"AN_WILTY_EP28_truth14.mp4","0"
"AN_WILTY_EP28_truth15.mp4","0"
"AN_WILTY_EP28_truth16.mp4","0"
"AN_WILTY_EP28_truth17.mp4","0"
"AN_WILTY_EP28_truth7.mp4","0"
"AN_WILTY_EP28_truth8.mp4","0"
"AN_WILTY_EP28_truth9.mp4","0"
"BRI_WILTY_EP57_lie_10.mp4","1"
"BRI_WILTY_EP57_lie_11.mp4","1"
"BRI_WILTY_EP57_lie_16.mp4","1"
"BRI_WILTY_EP57_lie_17.mp4","1"
"BRI_WILTY_EP57_lie_18.mp4","1"
"BRI_WILTY_EP57_lie_19.mp4","1"
"BRI_WILTY_EP57_lie_20.mp4","1"
"BRI_WILTY_EP57_lie_21.mp4","1"
"BRI_WILTY_EP57_lie_22.mp4","1"
"BRI_WILTY_EP57_lie_23.mp4","1"
"BRI_WILTY_EP57_truth_1.mp4","0"
"BRI_WILTY_EP57_truth_12.mp4","0"
"BRI_WILTY_EP57_truth_13.mp4","0"
"BRI_WILTY_EP57_truth_14.mp4","0"
"BRI_WILTY_EP57_truth_15.mp4","0"
"BRI_WILTY_EP57_truth_2.mp4","0"
"BRI_WILTY_EP57_truth_24.mp4","0"
"BRI_WILTY_EP57_truth_25.mp4","0"
"BRI_WILTY_EP57_truth_26.mp4","0"
"BRI_WILTY_EP57_truth_27.mp4","0"
"BRI_WILTY_EP57_truth_28.mp4","0"
"BRI_WILTY_EP57_truth_29.mp4","0"
"BRI_WILTY_EP57_truth_3.mp4","0"
"BRI_WILTY_EP57_truth_30.mp4","0"
"BRI_WILTY_EP57_truth_31.mp4","0"
"BRI_WILTY_EP57_truth_32.mp4","0"
"BRI_WILTY_EP57_truth_4.mp4","0"
"BRI_WILTY_EP57_truth_5.mp4","0"
"BRI_WILTY_EP57_truth_6.mp4","0"
"BRI_WILTY_EP57_truth_7.mp4","0"
"BRI_WILTY_EP57_truth_8.mp4","0"
"BRI_WILTY_EP58_lie_1.mp4","1"
"BRI_WILTY_EP58_lie_15.mp4","1"
"BRI_WILTY_EP58_lie_16.mp4","1"
"BRI_WILTY_EP58_lie_17.mp4","1"
"BRI_WILTY_EP58_lie_18.mp4","1"
"BRI_WILTY_EP58_lie_19.mp4","1"
"BRI_WILTY_EP58_lie_2.mp4","1"
"BRI_WILTY_EP58_lie_21.mp4","1"
"BRI_WILTY_EP58_lie_22.mp4","1"
"BRI_WILTY_EP58_lie_23.mp4","1"
"BRI_WILTY_EP58_lie_24.mp4","1"
"BRI_WILTY_EP58_lie_25.mp4","1"
"BRI_WILTY_EP58_lie_26.mp4","1"
"BRI_WILTY_EP58_lie_27.mp4","1"
"BRI_WILTY_EP58_lie_28.mp4","1"
"BRI_WILTY_EP58_lie_3.mp4","1"
"BRI_WILTY_EP58_lie_30.mp4","1"
"BRI_WILTY_EP58_lie_31.mp4","1"
"BRI_WILTY_EP58_lie_32.mp4","1"
"BRI_WILTY_EP58_lie_33.mp4","1"
"BRI_WILTY_EP58_lie_34.mp4","1"
"BRI_WILTY_EP58_lie_4.mp4","1"
"BRI_WILTY_EP58_truth_10.mp4","0"
"BRI_WILTY_EP58_truth_11.mp4","0"
"BRI_WILTY_EP58_truth_12.mp4","0"
"BRI_WILTY_EP58_truth_13.mp4","0"
"BRI_WILTY_EP58_truth_14.mp4","0"
"BRI_WILTY_EP58_truth_20.mp4","0"
"BRI_WILTY_EP58_truth_29.mp4","0"
"BRI_WILTY_EP58_truth_5.mp4","0"
"BRI_WILTY_EP58_truth_6.mp4","0"
"BRI_WILTY_EP58_truth_7.mp4","0"
"BRI_WILTY_EP58_truth_8.mp4","0"
"BRI_WILTY_EP58_truth_9.mp4","0"
"BRI_WILTY_EP59_deception_20.mp4","1"
"BRI_WILTY_EP59_deception_21.mp4","1"
"BRI_WILTY_EP59_deception_22.mp4","1"
"BRI_WILTY_EP59_deception_23.mp4","1"
"BRI_WILTY_EP59_deception_24.mp4","1"
"BRI_WILTY_EP59_deception_25.mp4","1"
"BRI_WILTY_EP59_deception_26.mp4","1"
"BRI_WILTY_EP59_lie_10.mp4","1"
"BRI_WILTY_EP59_lie_11.mp4","1"
"BRI_WILTY_EP59_lie_13.mp4","1"
"BRI_WILTY_EP59_lie_14.mp4","1"
"BRI_WILTY_EP59_lie_15.mp4","1"
"BRI_WILTY_EP59_lie_16.mp4","1"
"BRI_WILTY_EP59_truth_1.mp4","0"
"BRI_WILTY_EP59_truth_12.mp4","0"
"BRI_WILTY_EP59_truth_17.mp4","0"
"BRI_WILTY_EP59_truth_18.mp4","0"
"BRI_WILTY_EP59_truth_19.mp4","0"
"BRI_WILTY_EP59_truth_2.mp4","0"
"BRI_WILTY_EP59_truth_3.mp4","0"
"BRI_WILTY_EP59_truth_4.mp4","0"
"BRI_WILTY_EP59_truth_5.mp4","0"
"BRI_WILTY_EP59_truth_6.mp4","0"
"BRI_WILTY_EP59_truth_7.mp4","0"
"BRI_WILTY_EP59_truth_8.mp4","0"
"BRI_WILTY_EP59_truth_9.mp4","0"
"BRI_WILTY_EP60_lie_13.mp4","1"
"BRI_WILTY_EP60_lie_14.mp4","1"
"BRI_WILTY_EP60_lie_15.mp4","1"
"BRI_WILTY_EP60_lie_16.mp4","1"
"BRI_WILTY_EP60_lie_17.mp4","1"
"BRI_WILTY_EP60_lie_18.mp4","1"
"BRI_WILTY_EP60_lie_19.mp4","1"
"BRI_WILTY_EP60_lie_20.mp4","1"
"BRI_WILTY_EP60_lie_21.mp4","1"
"BRI_WILTY_EP60_lie_22.mp4","1"
"BRI_WILTY_EP60_lie_23.mp4","1"
"BRI_WILTY_EP60_lie_24.mp4","1"
"BRI_WILTY_EP60_lie_8.mp4","1"
"BRI_WILTY_EP60_lie_9.mp4","1"
"BRI_WILTY_EP60_truth_1.mp4","0"
"BRI_WILTY_EP60_truth_10.mp4","0"
"BRI_WILTY_EP60_truth_11.mp4","0"
"BRI_WILTY_EP60_truth_12.mp4","0"
"BRI_WILTY_EP60_truth_2.mp4","0"
"BRI_WILTY_EP60_truth_3.mp4","0"
"BRI_WILTY_EP60_truth_4.mp4","0"
"BRI_WILTY_EP60_truth_5.mp4","0"
"BRI_WILTY_EP60_truth_6.mp4","0"
"BRI_WILTY_EP60_truth_7.mp4","0"
"BRI_WILTY_EP61_lie_1.mp4","1"
"BRI_WILTY_EP61_lie_18.mp4","1"
"BRI_WILTY_EP61_lie_2.mp4","1"
"BRI_WILTY_EP61_lie_23.mp4","1"
"BRI_WILTY_EP61_lie_24.mp4","1"
"BRI_WILTY_EP61_lie_25.mp4","1"
"BRI_WILTY_EP61_lie_26.mp4","1"
"BRI_WILTY_EP61_lie_27.mp4","1"
"BRI_WILTY_EP61_lie_28.mp4","1"
"BRI_WILTY_EP61_lie_29.mp4","1"
"BRI_WILTY_EP61_lie_3.mp4","1"
"BRI_WILTY_EP61_lie_30.mp4","1"
"BRI_WILTY_EP61_lie_32.mp4","1"
"BRI_WILTY_EP61_lie_36.mp4","1"
"BRI_WILTY_EP61_lie_37.mp4","1"
"BRI_WILTY_EP61_lie_4.mp4","1"
"BRI_WILTY_EP61_lie_5.mp4","1"
"BRI_WILTY_EP61_lie_6.mp4","1"
"BRI_WILTY_EP61_lie_7.mp4","1"
"BRI_WILTY_EP61_lie_8.mp4","1"
"BRI_WILTY_EP61_truth_10.mp4","0"
"BRI_WILTY_EP61_truth_11.mp4","0"
"BRI_WILTY_EP61_truth_12.mp4","0"
"BRI_WILTY_EP61_truth_13.mp4","0"
"BRI_WILTY_EP61_truth_14.mp4","0"
"BRI_WILTY_EP61_truth_15.mp4","0"
"BRI_WILTY_EP61_truth_16.mp4","0"
"BRI_WILTY_EP61_truth_17.mp4","0"
"BRI_WILTY_EP61_truth_19.mp4","0"
"BRI_WILTY_EP61_truth_20.mp4","0"
"BRI_WILTY_EP61_truth_21.mp4","0"
"BRI_WILTY_EP61_truth_33.mp4","0"
"BRI_WILTY_EP61_truth_34.mp4","0"
"BRI_WILTY_EP61_truth_35.mp4","0"
"BRI_WILTY_EP61_truth_9.mp4","0"
"BRI_WILTY_EP62_lie_14.mp4","1"
"BRI_WILTY_EP62_lie_15.mp4","1"
"BRI_WILTY_EP62_lie_17.mp4","1"
"BRI_WILTY_EP62_lie_18.mp4","1"
"BRI_WILTY_EP62_lie_24.mp4","1"
"BRI_WILTY_EP62_lie_25.mp4","1"
"BRI_WILTY_EP62_lie_26.mp4","1"
"BRI_WILTY_EP62_lie_27.mp4","1"
"BRI_WILTY_EP62_lie_28.mp4","1"
"BRI_WILTY_EP62_lie_29.mp4","1"
"BRI_WILTY_EP62_lie_30.mp4","1"
"BRI_WILTY_EP62_truth_1.mp4","0"
"BRI_WILTY_EP62_truth_10.mp4","0"
"BRI_WILTY_EP62_truth_11.mp4","0"
"BRI_WILTY_EP62_truth_12.mp4","0"
"BRI_WILTY_EP62_truth_13.mp4","0"
"BRI_WILTY_EP62_truth_19.mp4","0"
"BRI_WILTY_EP62_truth_2.mp4","0"
"BRI_WILTY_EP62_truth_20.mp4","0"
"BRI_WILTY_EP62_truth_21.mp4","0"
"BRI_WILTY_EP62_truth_22.mp4","0"
"BRI_WILTY_EP62_truth_23.mp4","0"
"BRI_WILTY_EP62_truth_3.mp4","0"
"BRI_WILTY_EP62_truth_31.mp4","0"
"BRI_WILTY_EP62_truth_4.mp4","0"
"BRI_WILTY_EP62_truth_5.mp4","0"
"BRI_WILTY_EP62_truth_6.mp4","0"
"BRI_WILTY_EP62_truth_7.mp4","0"
"BRI_WILTY_EP62_truth_8.mp4","0"
"BRI_WILTY_EP62_truth_9.mp4","0"
"BRI_WILTY_EP63_lie_25.mp4","1"
"BRI_WILTY_EP63_lie_27.mp4","1"
"BRI_WILTY_EP63_lie_29.mp4","1"
"BRI_WILTY_EP63_lie_30.mp4","1"
"BRI_WILTY_EP63_truth_1.mp4","0"
"BRI_WILTY_EP63_truth_10.mp4","0"
"BRI_WILTY_EP63_truth_11.mp4","0"
"BRI_WILTY_EP63_truth_12.mp4","0"
"BRI_WILTY_EP63_truth_13.mp4","0"
"BRI_WILTY_EP63_truth_14.mp4","0"
"BRI_WILTY_EP63_truth_15.mp4","0"
"BRI_WILTY_EP63_truth_16.mp4","0"
"BRI_WILTY_EP63_truth_17.mp4","0"
"BRI_WILTY_EP63_truth_19.mp4","0"
"BRI_WILTY_EP63_truth_2.mp4","0"
"BRI_WILTY_EP63_truth_20.mp4","0"
"BRI_WILTY_EP63_truth_21.mp4","0"
"BRI_WILTY_EP63_truth_22.mp4","0"
"BRI_WILTY_EP63_truth_23.mp4","0"
"BRI_WILTY_EP63_truth_24.mp4","0"
"BRI_WILTY_EP63_truth_26.mp4","0"
"BRI_WILTY_EP63_truth_3.mp4","0"
"BRI_WILTY_EP63_truth_31.mp4","0"
"BRI_WILTY_EP63_truth_4.mp4","0"
"BRI_WILTY_EP63_truth_5.mp4","0"
"BRI_WILTY_EP63_truth_6.mp4","0"
"BRI_WILTY_EP63_truth_7.mp4","0"
"BRI_WILTY_EP63_truth_8.mp4","0"
"BRI_WILTY_EP63_truth_9.mp4","0"
"BRI_WILTY_EP64_lie_10.mp4","1"
"BRI_WILTY_EP64_lie_11.mp4","1"
"BRI_WILTY_EP64_lie_13.mp4","1"
"BRI_WILTY_EP64_lie_14.mp4","1"
"BRI_WILTY_EP64_lie_15.mp4","1"
"BRI_WILTY_EP64_lie_21.mp4","1"
"BRI_WILTY_EP64_lie_22.mp4","1"
"BRI_WILTY_EP64_lie_23.mp4","1"
"BRI_WILTY_EP64_lie_24.mp4","1"
"BRI_WILTY_EP64_truth_1.mp4","0"
"BRI_WILTY_EP64_truth_12.mp4","0"
"BRI_WILTY_EP64_truth_16.mp4","0"
"BRI_WILTY_EP64_truth_17.mp4","0"
"BRI_WILTY_EP64_truth_18.mp4","0"
"BRI_WILTY_EP64_truth_19.mp4","0"
"BRI_WILTY_EP64_truth_2.mp4","0"
"BRI_WILTY_EP64_truth_20.mp4","0"
"BRI_WILTY_EP64_truth_3.mp4","0"
"BRI_WILTY_EP64_truth_4.mp4","0"
"BRI_WILTY_EP64_truth_5.mp4","0"
"BRI_WILTY_EP64_truth_6.mp4","0"
"BRI_WILTY_EP64_truth_7.mp4","0"
"BRI_WILTY_EP64_truth_8.mp4","0"
"BRI_WILTY_EP64_truth_9.mp4","0"
"BRI_WILTY_EP65_lie_10.mp4","1"
"BRI_WILTY_EP65_lie_11.mp4","1"
"BRI_WILTY_EP65_lie_12.mp4","1"
"BRI_WILTY_EP65_lie_15.mp4","1"
"BRI_WILTY_EP65_lie_17.mp4","1"
"BRI_WILTY_EP65_lie_18.mp4","1"
"BRI_WILTY_EP65_lie_8.mp4","1"
"BRI_WILTY_EP65_lie_9.mp4","1"
"BRI_WILTY_EP65_truth_1.mp4","0"
"BRI_WILTY_EP65_truth_13.mp4","0"
"BRI_WILTY_EP65_truth_14.mp4","0"
"BRI_WILTY_EP65_truth_16.mp4","0"
"BRI_WILTY_EP65_truth_2.mp4","0"
"BRI_WILTY_EP65_truth_3.mp4","0"
"BRI_WILTY_EP65_truth_4.mp4","0"
"BRI_WILTY_EP65_truth_5.mp4","0"
"BRI_WILTY_EP65_truth_6.mp4","0"
"BRI_WILTY_EP65_truth_7.mp4","0"
"BRI_WILTY_EP66_lie_10.mp4","1"
"BRI_WILTY_EP66_lie_11.mp4","1"
"BRI_WILTY_EP66_lie_12.mp4","1"
"BRI_WILTY_EP66_truth_1.mp4","0"
"BRI_WILTY_EP66_truth_13.mp4","0"
"BRI_WILTY_EP66_truth_14.mp4","0"
"BRI_WILTY_EP66_truth_15.mp4","0"
"BRI_WILTY_EP66_truth_16.mp4","0"
"BRI_WILTY_EP66_truth_17.mp4","0"
"BRI_WILTY_EP66_truth_18.mp4","0"
"BRI_WILTY_EP66_truth_19.mp4","0"
"BRI_WILTY_EP66_truth_2.mp4","0"
"BRI_WILTY_EP66_truth_3.mp4","0"
"BRI_WILTY_EP66_truth_4.mp4","0"
"BRI_WILTY_EP66_truth_5.mp4","0"
"BRI_WILTY_EP66_truth_7.mp4","0"
"BRI_WILTY_EP66_truth_8.mp4","0"
"BRI_WILTY_EP66_truth_9.mp4","0"
"LS_WILTY_EP1_lie1.mp4","1"
"LS_WILTY_EP1_lie2.mp4","1"
"LS_WILTY_EP1_lie3.mp4","1"
"LS_WILTY_EP1_lie4.mp4","1"
"LS_WILTY_EP1_lie5.mp4","1"
"LS_WILTY_EP1_lie6.mp4","1"
"LS_WILTY_EP1_lie7.mp4","1"
"LS_WILTY_EP1_lie8.mp4","1"
"LS_WILTY_EP1_lie9.mp4","1"
"LS_WILTY_EP1_truth1.mp4","0"
"LS_WILTY_EP1_truth2.mp4","0"
"LS_WILTY_EP1_truth3.mp4","0"
"LS_WILTY_EP1_truth4.mp4","0"
"LS_WILTY_EP1_truth5.mp4","0"
"LS_WILTY_EP1_truth6.mp4","0"
"LS_WILTY_EP1_truth7.mp4","0"
"LS_WILTY_EP1_truth8.mp4","0"
"LS_WILTY_EP10_lie1.mp4","1"
"LS_WILTY_EP10_lie10.mp4","1"
"LS_WILTY_EP10_lie11.mp4","1"
"LS_WILTY_EP10_lie12.mp4","1"
"LS_WILTY_EP10_lie13.mp4","1"
"LS_WILTY_EP10_lie14.mp4","1"
"LS_WILTY_EP10_lie15.mp4","1"
"LS_WILTY_EP10_lie3.mp4","1"
"LS_WILTY_EP10_lie4.mp4","1"
"LS_WILTY_EP10_lie5.mp4","1"
"LS_WILTY_EP10_lie6.mp4","1"
"LS_WILTY_EP10_lie7.mp4","1"
"LS_WILTY_EP10_lie8.mp4","1"
"LS_WILTY_EP10_lie9.mp4","1"
"LS_WILTY_EP10_truth1.mp4","0"
"LS_WILTY_EP10_truth2.mp4","0"
"LS_WILTY_EP10_truth3.mp4","0"
"LS_WILTY_EP10_truth4.mp4","0"
"LS_WILTY_EP10_truth5.mp4","0"
"LS_WILTY_EP10_truth6.mp4","0"
"LS_WILTY_EP10_truth7.mp4","0"
"LS_WILTY_EP10_truth8.mp4","0"
"LS_WILTY_EP10_truth9.mp4","0"
"LS_WILTY_EP11_lie1.mp4","1"
"LS_WILTY_EP11_lie10.mp4","1"
"LS_WILTY_EP11_lie11.mp4","1"
"LS_WILTY_EP11_lie12.mp4","1"
"LS_WILTY_EP11_lie13.mp4","1"
"LS_WILTY_EP11_lie14.mp4","1"
"LS_WILTY_EP11_lie15.mp4","1"
"LS_WILTY_EP11_lie16.mp4","1"
"LS_WILTY_EP11_lie2.mp4","1"
"LS_WILTY_EP11_lie4.mp4","1"
"LS_WILTY_EP11_lie5.mp4","1"
"LS_WILTY_EP11_lie6.mp4","1"
"LS_WILTY_EP11_lie7.mp4","1"
"LS_WILTY_EP11_lie8.mp4","1"
"LS_WILTY_EP11_lie9.mp4","1"
"LS_WILTY_EP11_truth1.mp4","0"
"LS_WILTY_EP11_truth2.mp4","0"
"LS_WILTY_EP11_truth3.mp4","0"
"LS_WILTY_EP11_truth4.mp4","0"
"LS_WILTY_EP11_truth5.mp4","0"
"LS_WILTY_EP11_truth6.mp4","0"
"LS_WILTY_EP11_truth7.mp4","0"
"LS_WILTY_EP11_truth8.mp4","0"
"LS_WILTY_EP11_truth9.mp4","0"
"LS_WILTY_EP12_lie1.mp4","1"
"LS_WILTY_EP12_lie10.mp4","1"
"LS_WILTY_EP12_lie11.mp4","1"
"LS_WILTY_EP12_lie12.mp4","1"
"LS_WILTY_EP12_lie13.mp4","1"
"LS_WILTY_EP12_lie14.mp4","1"
"LS_WILTY_EP12_lie15.mp4","1"
"LS_WILTY_EP12_lie16.mp4","1"
"LS_WILTY_EP12_lie17.mp4","1"
"LS_WILTY_EP12_lie2.mp4","1"
"LS_WILTY_EP12_lie3.mp4","1"
"LS_WILTY_EP12_lie4.mp4","1"
"LS_WILTY_EP12_lie5.mp4","1"
"LS_WILTY_EP12_lie6.mp4","1"
"LS_WILTY_EP12_lie7.mp4","1"
"LS_WILTY_EP12_lie8.mp4","1"
"LS_WILTY_EP12_lie9.mp4","1"
"LS_WILTY_EP12_truth1.mp4","0"
"LS_WILTY_EP12_truth2.mp4","0"
"LS_WILTY_EP12_truth3.mp4","0"
"LS_WILTY_EP12_truth4.mp4","0"
"LS_WILTY_EP12_truth5.mp4","0"
"LS_WILTY_EP12_truth6.mp4","0"
"LS_WILTY_EP13_lie1.mp4","1"
"LS_WILTY_EP13_lie10.mp4","1"
"LS_WILTY_EP13_lie11.mp4","1"
"LS_WILTY_EP13_lie12.mp4","1"
"LS_WILTY_EP13_lie13.mp4","1"
"LS_WILTY_EP13_lie2.mp4","1"
"LS_WILTY_EP13_lie3.mp4","1"
"LS_WILTY_EP13_lie4.mp4","1"
"LS_WILTY_EP13_lie5.mp4","1"
"LS_WILTY_EP13_lie6.mp4","1"
"LS_WILTY_EP13_lie7.mp4","1"
"LS_WILTY_EP13_lie8.mp4","1"
"LS_WILTY_EP13_lie9.mp4","1"
"LS_WILTY_EP13_truth1.mp4","0"
"LS_WILTY_EP13_truth10.mp4","0"
"LS_WILTY_EP13_truth11.mp4","0"
"LS_WILTY_EP13_truth2.mp4","0"
"LS_WILTY_EP13_truth3.mp4","0"
"LS_WILTY_EP13_truth4.mp4","0"
"LS_WILTY_EP13_truth5.mp4","0"
"LS_WILTY_EP13_truth6.mp4","0"
"LS_WILTY_EP13_truth7.mp4","0"
"LS_WILTY_EP13_truth8.mp4","0"
"LS_WILTY_EP13_truth9.mp4","0"
"LS_WILTY_EP14_lie1.mp4","1"
"LS_WILTY_EP14_lie10.mp4","1"
"LS_WILTY_EP14_lie11.mp4","1"
"LS_WILTY_EP14_lie2.mp4","1"
"LS_WILTY_EP14_lie3.mp4","1"
"LS_WILTY_EP14_lie4.mp4","1"
"LS_WILTY_EP14_lie5.mp4","1"
"LS_WILTY_EP14_lie6.mp4","1"
"LS_WILTY_EP14_lie7.mp4","1"
"LS_WILTY_EP14_lie8.mp4","1"
"LS_WILTY_EP14_lie9.mp4","1"
"LS_WILTY_EP14_truth1.mp4","0"
"LS_WILTY_EP14_truth10.mp4","0"
"LS_WILTY_EP14_truth2.mp4","0"
"LS_WILTY_EP14_truth3.mp4","0"
"LS_WILTY_EP14_truth4.mp4","0"
"LS_WILTY_EP14_truth5.mp4","0"
"LS_WILTY_EP14_truth6.mp4","0"
"LS_WILTY_EP14_truth7.mp4","0"
"LS_WILTY_EP14_truth8.mp4","0"
"LS_WILTY_EP14_truth9.mp4","0"
"LS_WILTY_EP2_lie1.mp4","1"
"LS_WILTY_EP2_lie10.mp4","1"
"LS_WILTY_EP2_lie11.mp4","1"
"LS_WILTY_EP2_lie2.mp4","1"
"LS_WILTY_EP2_lie3.mp4","1"
"LS_WILTY_EP2_lie4.mp4","1"
"LS_WILTY_EP2_lie5.mp4","1"
"LS_WILTY_EP2_lie6.mp4","1"
"LS_WILTY_EP2_lie7.mp4","1"
"LS_WILTY_EP2_lie8.mp4","1"
"LS_WILTY_EP2_lie9.mp4","1"
"LS_WILTY_EP2_truth1.mp4","0"
"LS_WILTY_EP2_truth2.mp4","0"
"LS_WILTY_EP2_truth3.mp4","0"
"LS_WILTY_EP2_truth4.mp4","0"
"LS_WILTY_EP2_truth5.mp4","0"
"LS_WILTY_EP2_truth6.mp4","0"
"LS_WILTY_EP2_truth7.mp4","0"
"LS_WILTY_EP2_truth8.mp4","0"
"LS_WILTY_EP3_lie1.mp4","1"
"LS_WILTY_EP3_lie10.mp4","1"
"LS_WILTY_EP3_lie11.mp4","1"
"LS_WILTY_EP3_lie12.mp4","1"
"LS_WILTY_EP3_lie13.mp4","1"
"LS_WILTY_EP3_lie14.mp4","1"
"LS_WILTY_EP3_lie2.mp4","1"
"LS_WILTY_EP3_lie3.mp4","1"
"LS_WILTY_EP3_lie4.mp4","1"
"LS_WILTY_EP3_lie5.mp4","1"
"LS_WILTY_EP3_lie6.mp4","1"
"LS_WILTY_EP3_lie7.mp4","1"
"LS_WILTY_EP3_lie8.mp4","1"
"LS_WILTY_EP3_lie9.mp4","1"
"LS_WILTY_EP3_truth1.mp4","0"
"LS_WILTY_EP3_truth2.mp4","0"
"LS_WILTY_EP3_truth3.mp4","0"
"LS_WILTY_EP3_truth4.mp4","0"
"LS_WILTY_EP3_truth5.mp4","0"
"LS_WILTY_EP3_truth6.mp4","0"
"LS_WILTY_EP3_truth7.mp4","0"
"LS_WILTY_EP4_lie1.mp4","1"
"LS_WILTY_EP4_lie10.mp4","1"
"LS_WILTY_EP4_lie11.mp4","1"
"LS_WILTY_EP4_lie12.mp4","1"
"LS_WILTY_EP4_lie13.mp4","1"
"LS_WILTY_EP4_lie14.mp4","1"
"LS_WILTY_EP4_lie15.mp4","1"
"LS_WILTY_EP4_lie16.mp4","1"
"LS_WILTY_EP4_lie2.mp4","1"
"LS_WILTY_EP4_lie3.mp4","1"
"LS_WILTY_EP4_lie4.mp4","1"
"LS_WILTY_EP4_lie5.mp4","1"
"LS_WILTY_EP4_lie6.mp4","1"
"LS_WILTY_EP4_lie7.mp4","1"
"LS_WILTY_EP4_lie8.mp4","1"
"LS_WILTY_EP4_lie9.mp4","1"
"LS_WILTY_EP4_truth1.mp4","0"
"LS_WILTY_EP4_truth10.mp4","0"
"LS_WILTY_EP4_truth11.mp4","0"
"LS_WILTY_EP4_truth2.mp4","0"
"LS_WILTY_EP4_truth3.mp4","0"
"LS_WILTY_EP4_truth4.mp4","0"
"LS_WILTY_EP4_truth5.mp4","0"
"LS_WILTY_EP4_truth6.mp4","0"
"LS_WILTY_EP4_truth7.mp4","0"
"LS_WILTY_EP4_truth8.mp4","0"
"LS_WILTY_EP4_truth9.mp4","0"
"LS_WILTY_EP5_lie1.mp4","1"
"LS_WILTY_EP5_lie2.mp4","1"
"LS_WILTY_EP5_lie3.mp4","1"
"LS_WILTY_EP5_lie4.mp4","1"
"LS_WILTY_EP5_lie5.mp4","1"
"LS_WILTY_EP5_lie6.mp4","1"
"LS_WILTY_EP5_lie7.mp4","1"
"LS_WILTY_EP5_lie8.mp4","1"
"LS_WILTY_EP5_truth1.mp4","0"
"LS_WILTY_EP5_truth10.mp4","0"
"LS_WILTY_EP5_truth11.mp4","0"
"LS_WILTY_EP5_truth12.mp4","0"
"LS_WILTY_EP5_truth13.mp4","0"
"LS_WILTY_EP5_truth14.mp4","0"
"LS_WILTY_EP5_truth2.mp4","0"
"LS_WILTY_EP5_truth3.mp4","0"
"LS_WILTY_EP5_truth4.mp4","0"
"LS_WILTY_EP5_truth5.mp4","0"
"LS_WILTY_EP5_truth6.mp4","0"
"LS_WILTY_EP5_truth7.mp4","0"
"LS_WILTY_EP5_truth8.mp4","0"
"LS_WILTY_EP5_truth9.mp4","0"
"LS_WILTY_EP6_lie1.mp4","1"
"LS_WILTY_EP6_lie2.mp4","1"
"LS_WILTY_EP6_lie3.mp4","1"
"LS_WILTY_EP6_lie4.mp4","1"
"LS_WILTY_EP6_lie5.mp4","1"
"LS_WILTY_EP6_lie6.mp4","1"
"LS_WILTY_EP6_lie7.mp4","1"
"LS_WILTY_EP6_truth1.mp4","0"
"LS_WILTY_EP6_truth10.mp4","0"
"LS_WILTY_EP6_truth11.mp4","0"
"LS_WILTY_EP6_truth2.mp4","0"
"LS_WILTY_EP6_truth3.mp4","0"
"LS_WILTY_EP6_truth4.mp4","0"
"LS_WILTY_EP6_truth5.mp4","0"
"LS_WILTY_EP6_truth6.mp4","0"
"LS_WILTY_EP6_truth7.mp4","0"
"LS_WILTY_EP6_truth8.mp4","0"
"LS_WILTY_EP6_truth9.mp4","0"
"LS_WILTY_EP7_lie1.mp4","1"
"LS_WILTY_EP7_lie10.mp4","1"
"LS_WILTY_EP7_lie11.mp4","1"
"LS_WILTY_EP7_lie12.mp4","1"
"LS_WILTY_EP7_lie13.mp4","1"
"LS_WILTY_EP7_lie2.mp4","1"
"LS_WILTY_EP7_lie3.mp4","1"
"LS_WILTY_EP7_lie4.mp4","1"
"LS_WILTY_EP7_lie5.mp4","1"
"LS_WILTY_EP7_lie6.mp4","1"
"LS_WILTY_EP7_lie7.mp4","1"
"LS_WILTY_EP7_lie8.mp4","1"
"LS_WILTY_EP7_lie9.mp4","1"
"LS_WILTY_EP7_truth1.mp4","0"
"LS_WILTY_EP7_truth10.mp4","0"
"LS_WILTY_EP7_truth11.mp4","0"
"LS_WILTY_EP7_truth12.mp4","0"
"LS_WILTY_EP7_truth13.mp4","0"
"LS_WILTY_EP7_truth2.mp4","0"
"LS_WILTY_EP7_truth3.mp4","0"
"LS_WILTY_EP7_truth4.mp4","0"
"LS_WILTY_EP7_truth5.mp4","0"
"LS_WILTY_EP7_truth6.mp4","0"
"LS_WILTY_EP7_truth7.mp4","0"
"LS_WILTY_EP7_truth8.mp4","0"
"LS_WILTY_EP7_truth9.mp4","0"
"LS_WILTY_EP72_lie1.mp4","1"
"LS_WILTY_EP72_lie10.mp4","1"
"LS_WILTY_EP72_lie11.mp4","1"
"LS_WILTY_EP72_lie12.mp4","1"
"LS_WILTY_EP72_lie13.mp4","1"
"LS_WILTY_EP72_lie14.mp4","1"
"LS_WILTY_EP72_lie15.mp4","1"
"LS_WILTY_EP72_lie16.mp4","1"
"LS_WILTY_EP72_lie2.mp4","1"
"LS_WILTY_EP72_lie3.mp4","1"
"LS_WILTY_EP72_lie4.mp4","1"
"LS_WILTY_EP72_lie5.mp4","1"
"LS_WILTY_EP72_lie6.mp4","1"
"LS_WILTY_EP72_lie7.mp4","1"
"LS_WILTY_EP72_lie8.mp4","1"
"LS_WILTY_EP72_lie9.mp4","1"
"LS_WILTY_EP72_true1.mp4","0"
"LS_WILTY_EP72_true2.mp4","0"
"LS_WILTY_EP72_true3.mp4","0"
"LS_WILTY_EP72_true4.mp4","0"
"LS_WILTY_EP72_true5.mp4","0"
"LS_WILTY_EP72_true6.mp4","0"
"LS_WILTY_EP72_true7.mp4","0"
"LS_WILTY_EP72_true8.mp4","0"
"LS_WILTY_EP72_true9.mp4","0"
"LS_WILTY_EP73_ lie1.mp4","1"
"LS_WILTY_EP73_ lie2.mp4","1"
"LS_WILTY_EP73_ lie3.mp4","1"
"LS_WILTY_EP73_ lie4.mp4","1"
"LS_WILTY_EP73_ lie5.mp4","1"
"LS_WILTY_EP73_ lie6.mp4","1"
"LS_WILTY_EP73_ lie7.mp4","1"
"LS_WILTY_EP73_ lie8.mp4","1"
"LS_WILTY_EP73_ lie9.mp4","1"
"LS_WILTY_EP73_ true1.mp4","0"
"LS_WILTY_EP73_ true10.mp4","0"
"LS_WILTY_EP73_ true11.mp4","0"
"LS_WILTY_EP73_ true12.mp4","0"
"LS_WILTY_EP73_ true13.mp4","0"
"LS_WILTY_EP73_ true14.mp4","0"
"LS_WILTY_EP73_ true16.mp4","0"
"LS_WILTY_EP73_ true17.mp4","0"
"LS_WILTY_EP73_ true18.mp4","0"
"LS_WILTY_EP73_ true2.mp4","0"
"LS_WILTY_EP73_ true3.mp4","0"
"LS_WILTY_EP73_ true4.mp4","0"
"LS_WILTY_EP73_ true5.mp4","0"
"LS_WILTY_EP73_ true6.mp4","0"
"LS_WILTY_EP73_ true7.mp4","0"
"LS_WILTY_EP73_ true8.mp4","0"
"LS_WILTY_EP73_ true9.mp4","0"
"LS_WILTY_EP75_lie1.mp4","1"
"LS_WILTY_EP75_lie10.mp4","1"
"LS_WILTY_EP75_lie2.mp4","1"
"LS_WILTY_EP75_lie3.mp4","1"
"LS_WILTY_EP75_lie4.mp4","1"
"LS_WILTY_EP75_lie5.mp4","1"
"LS_WILTY_EP75_lie6.mp4","1"
"LS_WILTY_EP75_lie7.mp4","1"
"LS_WILTY_EP75_lie8.mp4","1"
"LS_WILTY_EP75_lie9.mp4","1"
"LS_WILTY_EP75_true1.mp4","0"
"LS_WILTY_EP75_true2.mp4","0"
"LS_WILTY_EP75_true3.mp4","0"
"LS_WILTY_EP76_lie1.mp4","1"
"LS_WILTY_EP76_lie11.mp4","1"
"LS_WILTY_EP76_lie13.mp4","1"
"LS_WILTY_EP76_lie14.mp4","1"
"LS_WILTY_EP76_lie16.mp4","1"
"LS_WILTY_EP76_lie2.mp4","1"
"LS_WILTY_EP76_true1.mp4","0"
"LS_WILTY_EP76_true10.mp4","0"
"LS_WILTY_EP76_true11.mp4","0"
"LS_WILTY_EP76_true12.mp4","0"
"LS_WILTY_EP76_true13.mp4","0"
"LS_WILTY_EP76_true2.mp4","0"
"LS_WILTY_EP76_true4.mp4","0"
"LS_WILTY_EP76_true5.mp4","0"
"LS_WILTY_EP76_true6.mp4","0"
"LS_WILTY_EP76_true7.mp4","0"
"LS_WILTY_EP76_true8.mp4","0"
"LS_WILTY_EP76_true9.mp4","0"
"LS_WILTY_EP9_lie1.mp4","1"
"LS_WILTY_EP9_lie10.mp4","1"
"LS_WILTY_EP9_lie11.mp4","1"
"LS_WILTY_EP9_lie12.mp4","1"
"LS_WILTY_EP9_lie13.mp4","1"
"LS_WILTY_EP9_lie14.mp4","1"
"LS_WILTY_EP9_lie15.mp4","1"
"LS_WILTY_EP9_lie16.mp4","1"
"LS_WILTY_EP9_lie17.mp4","1"
"LS_WILTY_EP9_lie18.mp4","1"
"LS_WILTY_EP9_lie19.mp4","1"
"LS_WILTY_EP9_lie2.mp4","1"
"LS_WILTY_EP9_lie20.mp4","1"
"LS_WILTY_EP9_lie21.mp4","1"
"LS_WILTY_EP9_lie3.mp4","1"
"LS_WILTY_EP9_lie4.mp4","1"
"LS_WILTY_EP9_lie5.mp4","1"
"LS_WILTY_EP9_lie6.mp4","1"
"LS_WILTY_EP9_lie7.mp4","1"
"LS_WILTY_EP9_lie8.mp4","1"
"LS_WILTY_EP9_lie9.mp4","1"
"LS_WILTY_EP9_truth1.mp4","0"
"LS_WILTY_EP9_truth10.mp4","0"
"LS_WILTY_EP9_truth2.mp4","0"
"LS_WILTY_EP9_truth3.mp4","0"
"LS_WILTY_EP9_truth4.mp4","0"
"LS_WILTY_EP9_truth5.mp4","0"
"LS_WILTY_EP9_truth6.mp4","0"
"LS_WILTY_EP9_truth7.mp4","0"
"LS_WILTY_EP9_truth8.mp4","0"
"LS_WILTY_EP9_truth9.mp4","0"
"SB_WILTY_EP29_lie1.mp4","1"
"SB_WILTY_EP29_lie10.mp4","1"
"SB_WILTY_EP29_lie2.mp4","1"
"SB_WILTY_EP29_lie3.mp4","1"
"SB_WILTY_EP29_lie4.mp4","1"
"SB_WILTY_EP29_lie5.mp4","1"
"SB_WILTY_EP29_lie6.mp4","1"
"SB_WILTY_EP29_lie7.mp4","1"
"SB_WILTY_EP29_lie8.mp4","1"
"SB_WILTY_EP29_lie9.mp4","1"
"SB_WILTY_EP29_truth1.mp4","0"
"SB_WILTY_EP29_truth2.mp4","0"
"SB_WILTY_EP29_truth3.mp4","0"
"SB_WILTY_EP29_truth4.mp4","0"
"SB_WILTY_EP29_truth5.mp4","0"
"SB_WILTY_EP29_truth6.mp4","0"
"SB_WILTY_EP29_truth7.mp4","0"
"SB_WILTY_EP31_lie1.mp4","1"
"SB_WILTY_EP31_lie2.mp4","1"
"SB_WILTY_EP31_lie3.mp4","1"
"SB_WILTY_EP31_lie4.mp4","1"
"SB_WILTY_EP31_lie5.mp4","1"
"SB_WILTY_EP31_lie6.mp4","1"
"SB_WILTY_EP31_lie7.mp4","1"
"SB_WILTY_EP31_truth1.mp4","0"
"SB_WILTY_EP31_truth2.mp4","0"
"SB_WILTY_EP31_truth3.mp4","0"
"SB_WILTY_EP31_truth4.mp4","0"
"SB_WILTY_EP31_truth5.mp4","0"
"SB_WILTY_EP31_truth6.mp4","0"
"SB_WILTY_EP31_truth7.mp4","0"
"SB_WILTY_EP31_truth8.mp4","0"
"SB_WILTY_EP32_lie1.mp4","1"
"SB_WILTY_EP32_lie10.mp4","1"
"SB_WILTY_EP32_lie11.mp4","1"
"SB_WILTY_EP32_lie12.mp4","1"
"SB_WILTY_EP32_lie13.mp4","1"
"SB_WILTY_EP32_lie14.mp4","1"
"SB_WILTY_EP32_lie15.mp4","1"
"SB_WILTY_EP32_lie16.mp4","1"
"SB_WILTY_EP32_lie17.mp4","1"
"SB_WILTY_EP32_lie2.mp4","1"
"SB_WILTY_EP32_lie3.mp4","1"
"SB_WILTY_EP32_lie4.mp4","1"
"SB_WILTY_EP32_lie5.mp4","1"
"SB_WILTY_EP32_lie6.mp4","1"
"SB_WILTY_EP32_lie7.mp4","1"
"SB_WILTY_EP32_lie8.mp4","1"
"SB_WILTY_EP32_lie9.mp4","1"
"SB_WILTY_EP32_truth1.mp4","0"
"SB_WILTY_EP32_truth2.mp4","0"
"SB_WILTY_EP32_truth3.mp4","0"
"SB_WILTY_EP33_lie1.mp4","1"
"SB_WILTY_EP33_lie2.mp4","1"
"SB_WILTY_EP33_lie3.mp4","1"
"SB_WILTY_EP33_lie4.mp4","1"
"SB_WILTY_EP33_lie5.mp4","1"
"SB_WILTY_EP33_truth1.mp4","0"
"SB_WILTY_EP33_truth2.mp4","0"
"SB_WILTY_EP33_truth3.mp4","0"
"SB_WILTY_EP33_truth4.mp4","0"
"SB_WILTY_EP33_truth5.mp4","0"
"SB_WILTY_EP33_truth6.mp4","0"
"SB_WILTY_EP34_lie1.mp4","1"
"SB_WILTY_EP34_lie10.mp4","1"
"SB_WILTY_EP34_lie11.mp4","1"
"SB_WILTY_EP34_lie12.mp4","1"
"SB_WILTY_EP34_lie2.mp4","1"
"SB_WILTY_EP34_lie3.mp4","1"
"SB_WILTY_EP34_lie4.mp4","1"
"SB_WILTY_EP34_lie5.mp4","1"
"SB_WILTY_EP34_lie6.mp4","1"
"SB_WILTY_EP34_lie7.mp4","1"
"SB_WILTY_EP34_lie8.mp4","1"
"SB_WILTY_EP34_lie9.mp4","1"
"SB_WILTY_EP34_truth1.mp4","0"
"SB_WILTY_EP34_truth2.mp4","0"
"SB_WILTY_EP34_truth3.mp4","0"
"SB_WILTY_EP34_truth4.mp4","0"
"SB_WILTY_EP34_truth5.mp4","0"
"SB_WILTY_EP35_lie1.mp4","1"
"SB_WILTY_EP35_lie2.mp4","1"
"SB_WILTY_EP35_lie3.mp4","1"
"SB_WILTY_EP35_lie4.mp4","1"
"SB_WILTY_EP35_lie5.mp4","1"
"SB_WILTY_EP35_lie6.mp4","1"
"SB_WILTY_EP35_lie7.mp4","1"
"SB_WILTY_EP35_lie8.mp4","1"
"SB_WILTY_EP35_truth1.mp4","0"
"SB_WILTY_EP35_truth10.mp4","0"
"SB_WILTY_EP35_truth11.mp4","0"
"SB_WILTY_EP35_truth2.mp4","0"
"SB_WILTY_EP35_truth3.mp4","0"
"SB_WILTY_EP35_truth4.mp4","0"
"SB_WILTY_EP35_truth5.mp4","0"
"SB_WILTY_EP35_truth6.mp4","0"
"SB_WILTY_EP35_truth7.mp4","0"
"SB_WILTY_EP35_truth8.mp4","0"
"SB_WILTY_EP35_truth9.mp4","0"
"SB_WILTY_EP36_lie1.mp4","1"
"SB_WILTY_EP36_lie2.mp4","1"
"SB_WILTY_EP36_lie3.mp4","1"
"SB_WILTY_EP36_lie4.mp4","1"
"SB_WILTY_EP36_lie5.mp4","1"
"SB_WILTY_EP36_lie6.mp4","1"
"SB_WILTY_EP36_lie7.mp4","1"
"SB_WILTY_EP36_lie8.mp4","1"
"SB_WILTY_EP36_lie9.mp4","1"
"SB_WILTY_EP36_truth1.mp4","0"
"SB_WILTY_EP36_truth2.mp4","0"
"SB_WILTY_EP36_truth3.mp4","0"
"SB_WILTY_EP36_truth4.mp4","0"
"SB_WILTY_EP36_truth5.mp4","0"
"SB_WILTY_EP36_truth6.mp4","0"
"SB_WILTY_EP37_lie1.mp4","1"
"SB_WILTY_EP37_lie2.mp4","1"
"SB_WILTY_EP37_lie3.mp4","1"
"SB_WILTY_EP37_lie4.mp4","1"
"SB_WILTY_EP37_lie5.mp4","1"
"SB_WILTY_EP37_lie6.mp4","1"
"SB_WILTY_EP37_lie7.mp4","1"
"SB_WILTY_EP37_lie8.mp4","1"
"SB_WILTY_EP37_truth1.mp4","0"
"SB_WILTY_EP37_truth10.mp4","0"
"SB_WILTY_EP37_truth11.mp4","0"
"SB_WILTY_EP37_truth12.mp4","0"
"SB_WILTY_EP37_truth13.mp4","0"
"SB_WILTY_EP37_truth14.mp4","0"
"SB_WILTY_EP37_truth2.mp4","0"
"SB_WILTY_EP37_truth3.mp4","0"
"SB_WILTY_EP37_truth4.mp4","0"
"SB_WILTY_EP37_truth5.mp4","0"
"SB_WILTY_EP37_truth6.mp4","0"
"SB_WILTY_EP37_truth7.mp4","0"
"SB_WILTY_EP37_truth8.mp4","0"
"SB_WILTY_EP37_truth9.mp4","0"
"SB_WILTY_EP38_lie1.mp4","1"
"SB_WILTY_EP38_lie2.mp4","1"
"SB_WILTY_EP38_lie3.mp4","1"
"SB_WILTY_EP38_lie4.mp4","1"
"SB_WILTY_EP38_lie5.mp4","1"
"SB_WILTY_EP38_lie6.mp4","1"
"SB_WILTY_EP38_truth1.mp4","0"
"SB_WILTY_EP38_truth2.mp4","0"
"SB_WILTY_EP38_truth3.mp4","0"
"SB_WILTY_EP41_lie1.mp4","1"
"SB_WILTY_EP41_lie10.mp4","1"
"SB_WILTY_EP41_lie11.mp4","1"
"SB_WILTY_EP41_lie12.mp4","1"
"SB_WILTY_EP41_lie13.mp4","1"
"SB_WILTY_EP41_lie14.mp4","1"
"SB_WILTY_EP41_lie15.mp4","1"
"SB_WILTY_EP41_lie2.mp4","1"
"SB_WILTY_EP41_lie3.mp4","1"
"SB_WILTY_EP41_lie4.mp4","1"
"SB_WILTY_EP41_lie5.mp4","1"
"SB_WILTY_EP41_lie6.mp4","1"
"SB_WILTY_EP41_lie7.mp4","1"
"SB_WILTY_EP41_lie8.mp4","1"
"SB_WILTY_EP41_lie9.mp4","1"
"SB_WILTY_EP41_truth1.mp4","0"
"SB_WILTY_EP41_truth2.mp4","0"
"SB_WILTY_EP41_truth3.mp4","0"
"SB_WILTY_EP41_truth4.mp4","0"
"SB_WILTY_EP41_truth5.mp4","0"
"SB_WILTY_EP42_lie1.mp4","1"
"SB_WILTY_EP42_lie10.mp4","1"
"SB_WILTY_EP42_lie11.mp4","1"
"SB_WILTY_EP42_lie12.mp4","1"
"SB_WILTY_EP42_lie13.mp4","1"
"SB_WILTY_EP42_lie14.mp4","1"
"SB_WILTY_EP42_lie15.mp4","1"
"SB_WILTY_EP42_lie16.mp4","1"
"SB_WILTY_EP42_lie17.mp4","1"
"SB_WILTY_EP42_lie18.mp4","1"
"SB_WILTY_EP42_lie19.mp4","1"
"SB_WILTY_EP42_lie2.mp4","1"
"SB_WILTY_EP42_lie3.mp4","1"
"SB_WILTY_EP42_lie4.mp4","1"
"SB_WILTY_EP42_lie5.mp4","1"
"SB_WILTY_EP42_lie6.mp4","1"
"SB_WILTY_EP42_lie7.mp4","1"
"SB_WILTY_EP42_lie8.mp4","1"
"SB_WILTY_EP42_lie9.mp4","1"
"SB_WILTY_EP42_truth1.mp4","0"
"SB_WILTY_EP42_truth10.mp4","0"
"SB_WILTY_EP42_truth11.mp4","0"
"SB_WILTY_EP42_truth12.mp4","0"
"SB_WILTY_EP42_truth13.mp4","0"
"SB_WILTY_EP42_truth14.mp4","0"
"SB_WILTY_EP42_truth15.mp4","0"
"SB_WILTY_EP42_truth16.mp4","0"
"SB_WILTY_EP42_truth17.mp4","0"
"SB_WILTY_EP42_truth18.mp4","0"
"SB_WILTY_EP42_truth2.mp4","0"
"SB_WILTY_EP42_truth3.mp4","0"
"SB_WILTY_EP42_truth4.mp4","0"
"SB_WILTY_EP42_truth5.mp4","0"
"SB_WILTY_EP42_truth7.mp4","0"
"SB_WILTY_EP42_truth8.mp4","0"
"SB_WILTY_EP42_truth9.mp4","0"
"YW_WILTY_EP43_lie1.mp4","1"
"YW_WILTY_EP43_lie10.mp4","1"
"YW_WILTY_EP43_lie11.mp4","1"
"YW_WILTY_EP43_lie12.mp4","1"
"YW_WILTY_EP43_lie13.mp4","1"
"YW_WILTY_EP43_lie14.mp4","1"
"YW_WILTY_EP43_lie15.mp4","1"
"YW_WILTY_EP43_lie2.mp4","1"
"YW_WILTY_EP43_lie3.mp4","1"
"YW_WILTY_EP43_lie4.mp4","1"
"YW_WILTY_EP43_lie5.mp4","1"
"YW_WILTY_EP43_lie6.mp4","1"
"YW_WILTY_EP43_lie7.mp4","1"
"YW_WILTY_EP43_lie8.mp4","1"
"YW_WILTY_EP43_lie9.mp4","1"
"YW_WILTY_EP43_truth1.mp4","0"
"YW_WILTY_EP43_truth2.mp4","0"
"YW_WILTY_EP43_truth3.mp4","0"
"YW_WILTY_EP43_truth4.mp4","0"
"YW_WILTY_EP43_truth5.mp4","0"
"YW_WILTY_EP43_truth6.mp4","0"
"YW_WILTY_EP43_truth7.mp4","0"
"YW_WILTY_EP44_lie1.mp4","1"
"YW_WILTY_EP44_lie10.mp4","1"
"YW_WILTY_EP44_lie11.mp4","1"
"YW_WILTY_EP44_lie12.mp4","1"
"YW_WILTY_EP44_lie13.mp4","1"
"YW_WILTY_EP44_lie14.mp4","1"
"YW_WILTY_EP44_lie15.mp4","1"
"YW_WILTY_EP44_lie2.mp4","1"
"YW_WILTY_EP44_lie3.mp4","1"
"YW_WILTY_EP44_lie4.mp4","1"
"YW_WILTY_EP44_lie5.mp4","1"
"YW_WILTY_EP44_lie6.mp4","1"
"YW_WILTY_EP44_lie7.mp4","1"
"YW_WILTY_EP44_lie8.mp4","1"
"YW_WILTY_EP44_lie9.mp4","1"
"YW_WILTY_EP44_truth1.mp4","0"
"YW_WILTY_EP44_truth10.mp4","0"
"YW_WILTY_EP44_truth11.mp4","0"
"YW_WILTY_EP44_truth12.mp4","0"
"YW_WILTY_EP44_truth13.mp4","0"
"YW_WILTY_EP44_truth14.mp4","0"
"YW_WILTY_EP44_truth15.mp4","0"
"YW_WILTY_EP44_truth2.mp4","0"
"YW_WILTY_EP44_truth3.mp4","0"
"YW_WILTY_EP44_truth4.mp4","0"
"YW_WILTY_EP44_truth5.mp4","0"
"YW_WILTY_EP44_truth6.mp4","0"
"YW_WILTY_EP44_truth7.mp4","0"
"YW_WILTY_EP44_truth8.mp4","0"
"YW_WILTY_EP44_truth9.mp4","0"
"YW_WILTY_EP45_lie1.mp4","1"
"YW_WILTY_EP45_lie10.mp4","1"
"YW_WILTY_EP45_lie11.mp4","1"
"YW_WILTY_EP45_lie12.mp4","1"
"YW_WILTY_EP45_lie13.mp4","1"
"YW_WILTY_EP45_lie14.mp4","1"
"YW_WILTY_EP45_lie15.mp4","1"
"YW_WILTY_EP45_lie16.mp4","1"
"YW_WILTY_EP45_lie17.mp4","1"
"YW_WILTY_EP45_lie18.mp4","1"
"YW_WILTY_EP45_lie19.mp4","1"
"YW_WILTY_EP45_lie2.mp4","1"
"YW_WILTY_EP45_lie3.mp4","1"
"YW_WILTY_EP45_lie4.mp4","1"
"YW_WILTY_EP45_lie5.mp4","1"
"YW_WILTY_EP45_lie6.mp4","1"
"YW_WILTY_EP45_lie7.mp4","1"
"YW_WILTY_EP45_lie8.mp4","1"
"YW_WILTY_EP45_lie9.mp4","1"
"YW_WILTY_EP45_truth1.mp4","0"
"YW_WILTY_EP45_truth2.mp4","0"
"YW_WILTY_EP45_truth3.mp4","0"
"YW_WILTY_EP45_truth4.mp4","0"
"YW_WILTY_EP45_truth5.mp4","0"
"YW_WILTY_EP45_truth6.mp4","0"
"YW_WILTY_EP45_truth7.mp4","0"
"YW_WILTY_EP46_lie1.mp4","1"
"YW_WILTY_EP46_lie2.mp4","1"
"YW_WILTY_EP46_lie3.mp4","1"
"YW_WILTY_EP46_lie4.mp4","1"
"YW_WILTY_EP46_lie5.mp4","1"
"YW_WILTY_EP46_lie6.mp4","1"
"YW_WILTY_EP46_lie7.mp4","1"
"YW_WILTY_EP46_lie8.mp4","1"
"YW_WILTY_EP46_truth1.mp4","0"
"YW_WILTY_EP46_truth10.mp4","0"
"YW_WILTY_EP46_truth11.mp4","0"
"YW_WILTY_EP46_truth12.mp4","0"
"YW_WILTY_EP46_truth3.mp4","0"
"YW_WILTY_EP46_truth4.mp4","0"
"YW_WILTY_EP46_truth5.mp4","0"
"YW_WILTY_EP46_truth6.mp4","0"
"YW_WILTY_EP46_truth7.mp4","0"
"YW_WILTY_EP46_truth8.mp4","0"
"YW_WILTY_EP46_truth9.mp4","0"
"YW_WILTY_EP47_lie1.mp4","1"
"YW_WILTY_EP47_lie10.mp4","1"
"YW_WILTY_EP47_lie11.mp4","1"
"YW_WILTY_EP47_lie12.mp4","1"
"YW_WILTY_EP47_lie13.mp4","1"
"YW_WILTY_EP47_lie14.mp4","1"
"YW_WILTY_EP47_lie15.mp4","1"
"YW_WILTY_EP47_lie16.mp4","1"
"YW_WILTY_EP47_lie18.mp4","1"
"YW_WILTY_EP47_lie19.mp4","1"
"YW_WILTY_EP47_lie2.mp4","1"
"YW_WILTY_EP47_lie20.mp4","1"
"YW_WILTY_EP47_lie3.mp4","1"
"YW_WILTY_EP47_lie4.mp4","1"
"YW_WILTY_EP47_lie5.mp4","1"
"YW_WILTY_EP47_lie6.mp4","1"
"YW_WILTY_EP47_lie7.mp4","1"
"YW_WILTY_EP47_lie8.mp4","1"
"YW_WILTY_EP47_lie9.mp4","1"
"YW_WILTY_EP47_truth1.mp4","0"
"YW_WILTY_EP47_truth2.mp4","0"
"YW_WILTY_EP47_truth3.mp4","0"
"YW_WILTY_EP47_truth4.mp4","0"
"YW_WILTY_EP47_truth5.mp4","0"
"YW_WILTY_EP47_truth6.mp4","0"
"YW_WILTY_EP47_truth7.mp4","0"
"YW_WILTY_EP48_lie1.mp4","1"
"YW_WILTY_EP48_lie10.mp4","1"
"YW_WILTY_EP48_lie11.mp4","1"
"YW_WILTY_EP48_lie2.mp4","1"
"YW_WILTY_EP48_lie3.mp4","1"
"YW_WILTY_EP48_lie4.mp4","1"
"YW_WILTY_EP48_lie5.mp4","1"
"YW_WILTY_EP48_lie6.mp4","1"
"YW_WILTY_EP48_lie7.mp4","1"
"YW_WILTY_EP48_lie8.mp4","1"
"YW_WILTY_EP48_lie9.mp4","1"
"YW_WILTY_EP48_truth1.mp4","0"
"YW_WILTY_EP48_truth2.mp4","0"
"YW_WILTY_EP48_truth3.mp4","0"
"YW_WILTY_EP48_truth4.mp4","0"
"YW_WILTY_EP48_truth5.mp4","0"
"YW_WILTY_EP48_truth6.mp4","0"
"YW_WILTY_EP48_truth7.mp4","0"
"YW_WILTY_EP48_truth8.mp4","0"
"YW_WILTY_EP48_truth9.mp4","0"
"YW_WILTY_EP49_lie1.mp4","1"
"YW_WILTY_EP49_lie2.mp4","1"
"YW_WILTY_EP49_lie3.mp4","1"
"YW_WILTY_EP49_lie4.mp4","1"
"YW_WILTY_EP49_lie5.mp4","1"
"YW_WILTY_EP49_lie6.mp4","1"
"YW_WILTY_EP49_lie7.mp4","1"
"YW_WILTY_EP49_lie8.mp4","1"
"YW_WILTY_EP49_truth1.mp4","0"
"YW_WILTY_EP49_truth10.mp4","0"
"YW_WILTY_EP49_truth11.mp4","0"
"YW_WILTY_EP49_truth12.mp4","0"
"YW_WILTY_EP49_truth13.mp4","0"
"YW_WILTY_EP49_truth14.mp4","0"
"YW_WILTY_EP49_truth2.mp4","0"
"YW_WILTY_EP49_truth3.mp4","0"
"YW_WILTY_EP49_truth4.mp4","0"
"YW_WILTY_EP49_truth5.mp4","0"
"YW_WILTY_EP49_truth7.mp4","0"
"YW_WILTY_EP49_truth8.mp4","0"
"YW_WILTY_EP49_truth9.mp4","0"
"YW_WILTY_EP50_lie1.mp4","1"
"YW_WILTY_EP50_lie10.mp4","1"
"YW_WILTY_EP50_lie11.mp4","1"
"YW_WILTY_EP50_lie12.mp4","1"
"YW_WILTY_EP50_lie13.mp4","1"
"YW_WILTY_EP50_lie14.mp4","1"
"YW_WILTY_EP50_lie15.mp4","1"
"YW_WILTY_EP50_lie2.mp4","1"
"YW_WILTY_EP50_lie3.mp4","1"
"YW_WILTY_EP50_lie4.mp4","1"
"YW_WILTY_EP50_lie5.mp4","1"
"YW_WILTY_EP50_lie6.mp4","1"
"YW_WILTY_EP50_lie7.mp4","1"
"YW_WILTY_EP50_lie8.mp4","1"
"YW_WILTY_EP50_lie9.mp4","1"
"YW_WILTY_EP50_truth1.mp4","0"
"YW_WILTY_EP50_truth10.mp4","0"
"YW_WILTY_EP50_truth11.mp4","0"
"YW_WILTY_EP50_truth12.mp4","0"
"YW_WILTY_EP50_truth13.mp4","0"
"YW_WILTY_EP50_truth14.mp4","0"
"YW_WILTY_EP50_truth15.mp4","0"
"YW_WILTY_EP50_truth2.mp4","0"
"YW_WILTY_EP50_truth3.mp4","0"
"YW_WILTY_EP50_truth4.mp4","0"
"YW_WILTY_EP50_truth5.mp4","0"
"YW_WILTY_EP50_truth6.mp4","0"
"YW_WILTY_EP50_truth7.mp4","0"
"YW_WILTY_EP50_truth8.mp4","0"
"YW_WILTY_EP50_truth9.mp4","0"
"YW_WILTY_EP51_lie1.mp4","1"
"YW_WILTY_EP51_lie2.mp4","1"
"YW_WILTY_EP51_lie3.mp4","1"
"YW_WILTY_EP51_lie4.mp4","1"
"YW_WILTY_EP51_lie5.mp4","1"
"YW_WILTY_EP51_lie6.mp4","1"
"YW_WILTY_EP51_lie7.mp4","1"
"YW_WILTY_EP51_lie8.mp4","1"
"YW_WILTY_EP51_lie9.mp4","1"
"YW_WILTY_EP51_truth1.mp4","0"
"YW_WILTY_EP51_truth2.mp4","0"
"YW_WILTY_EP51_truth3.mp4","0"
"YW_WILTY_EP51_truth4.mp4","0"
"YW_WILTY_EP51_truth5.mp4","0"
"YW_WILTY_EP51_truth6.mp4","0"
"YW_WILTY_EP52_lie1.mp4","1"
"YW_WILTY_EP52_lie2.mp4","1"
"YW_WILTY_EP52_lie3.mp4","1"
"YW_WILTY_EP52_lie4.mp4","1"
"YW_WILTY_EP52_lie5.mp4","1"
"YW_WILTY_EP52_lie6.mp4","1"
"YW_WILTY_EP52_lie7.mp4","1"
"YW_WILTY_EP52_lie8.mp4","1"
"YW_WILTY_EP52_truth1.mp4","0"
"YW_WILTY_EP52_truth10.mp4","0"
"YW_WILTY_EP52_truth11.mp4","0"
"YW_WILTY_EP52_truth12.mp4","0"
"YW_WILTY_EP52_truth2.mp4","0"
"YW_WILTY_EP52_truth3.mp4","0"
"YW_WILTY_EP52_truth4.mp4","0"
"YW_WILTY_EP52_truth5.mp4","0"
"YW_WILTY_EP52_truth6.mp4","0"
"YW_WILTY_EP52_truth7.mp4","0"
"YW_WILTY_EP52_truth8.mp4","0"
"YW_WILTY_EP52_truth9.mp4","0"
"YW_WILTY_EP53_lie1.mp4","1"
"YW_WILTY_EP53_lie10.mp4","1"
"YW_WILTY_EP53_lie11.mp4","1"
"YW_WILTY_EP53_lie12.mp4","1"
"YW_WILTY_EP53_lie13.mp4","1"
"YW_WILTY_EP53_lie2.mp4","1"
"YW_WILTY_EP53_lie3.mp4","1"
"YW_WILTY_EP53_lie4.mp4","1"
"YW_WILTY_EP53_lie5.mp4","1"
"YW_WILTY_EP53_lie6.mp4","1"
"YW_WILTY_EP53_lie7.mp4","1"
"YW_WILTY_EP53_lie8.mp4","1"
"YW_WILTY_EP53_lie9.mp4","1"
"YW_WILTY_EP53_truth1.mp4","0"
"YW_WILTY_EP53_truth10.mp4","0"
"YW_WILTY_EP53_truth11.mp4","0"
"YW_WILTY_EP53_truth12.mp4","0"
"YW_WILTY_EP53_truth13.mp4","0"
"YW_WILTY_EP53_truth14.mp4","0"
"YW_WILTY_EP53_truth2.mp4","0"
"YW_WILTY_EP53_truth3.mp4","0"
"YW_WILTY_EP53_truth4.mp4","0"
"YW_WILTY_EP53_truth5.mp4","0"
"YW_WILTY_EP53_truth6.mp4","0"
"YW_WILTY_EP53_truth7.mp4","0"
"YW_WILTY_EP53_truth8.mp4","0"
"YW_WILTY_EP53_truth9.mp4","0"
"YW_WILTY_EP54_lie1.mp4","1"
"YW_WILTY_EP54_lie3.mp4","1"
"YW_WILTY_EP54_lie4.mp4","1"
"YW_WILTY_EP54_lie5.mp4","1"
"YW_WILTY_EP54_lie6.mp4","1"
"YW_WILTY_EP54_lie7.mp4","1"
"YW_WILTY_EP54_lie8.mp4","1"
"YW_WILTY_EP54_truth1.mp4","0"
"YW_WILTY_EP54_truth2.mp4","0"
"YW_WILTY_EP54_truth3.mp4","0"
"YW_WILTY_EP54_truth4.mp4","0"
"YW_WILTY_EP54_truth5.mp4","0"
"YW_WILTY_EP54_truth6.mp4","0"
"YW_WILTY_EP54_truth7.mp4","0"
"YW_WILTY_EP54_truth8.mp4","0"
"YW_WILTY_EP55_lie1.mp4","1"
"YW_WILTY_EP55_lie10.mp4","1"
"YW_WILTY_EP55_lie11.mp4","1"
"YW_WILTY_EP55_lie12.mp4","1"
"YW_WILTY_EP55_lie13.mp4","1"
"YW_WILTY_EP55_lie14.mp4","1"
"YW_WILTY_EP55_lie15.mp4","1"
"YW_WILTY_EP55_lie16.mp4","1"
"YW_WILTY_EP55_lie2.mp4","1"
"YW_WILTY_EP55_lie3.mp4","1"
"YW_WILTY_EP55_lie4.mp4","1"
"YW_WILTY_EP55_lie5.mp4","1"
"YW_WILTY_EP55_lie6.mp4","1"
"YW_WILTY_EP55_lie7.mp4","1"
"YW_WILTY_EP55_lie8.mp4","1"
"YW_WILTY_EP55_lie9.mp4","1"
"YW_WILTY_EP55_truth1.mp4","0"
"YW_WILTY_EP55_truth2.mp4","0"
"YW_WILTY_EP55_truth3.mp4","0"
"YW_WILTY_EP55_truth4.mp4","0"
"YW_WILTY_EP55_truth5.mp4","0"
"YW_WILTY_EP55_truth6.mp4","0"
"YW_WILTY_EP55_truth7.mp4","0"
"YW_WILTY_EP55_truth8.mp4","0"
"YW_WILTY_EP56_lie1.mp4","1"
"YW_WILTY_EP56_lie10.mp4","1"
"YW_WILTY_EP56_lie11.mp4","1"
"YW_WILTY_EP56_lie12.mp4","1"
"YW_WILTY_EP56_lie13.mp4","1"
"YW_WILTY_EP56_lie14.mp4","1"
"YW_WILTY_EP56_lie15.mp4","1"
"YW_WILTY_EP56_lie16.mp4","1"
"YW_WILTY_EP56_lie17.mp4","1"
"YW_WILTY_EP56_lie18.mp4","1"
"YW_WILTY_EP56_lie19.mp4","1"
"YW_WILTY_EP56_lie2.mp4","1"
"YW_WILTY_EP56_lie3.mp4","1"
"YW_WILTY_EP56_lie4.mp4","1"
"YW_WILTY_EP56_lie5.mp4","1"
"YW_WILTY_EP56_lie6.mp4","1"
"YW_WILTY_EP56_lie7.mp4","1"
"YW_WILTY_EP56_lie8.mp4","1"
"YW_WILTY_EP56_lie9.mp4","1"
"YW_WILTY_EP56_truth1.mp4","0"
"YW_WILTY_EP56_truth2.mp4","0"
"YW_WILTY_EP56_truth3.mp4","0"
"YW_WILTY_EP56_truth4.mp4","0"
"YW_WILTY_EP56_truth5.mp4","0"
"YW_WILTY_EP56_truth6.mp4","0"
"YW_WILTY_EP70_lie17.mp4","1"
"YW_WILTY_EP70_lie18.mp4","1"
"YW_WILTY_EP70_lie19.mp4","1"
"YW_WILTY_EP70_lie20.mp4","1"
"YW_WILTY_EP70_lie21.mp4","1"
"YW_WILTY_EP70_truth1.mp4","0"
"YW_WILTY_EP70_truth10.mp4","0"
"YW_WILTY_EP70_truth12.mp4","0"
"YW_WILTY_EP70_truth13.mp4","0"
"YW_WILTY_EP70_truth14.mp4","0"
"YW_WILTY_EP70_truth15.mp4","0"
"YW_WILTY_EP70_truth16.mp4","0"
"YW_WILTY_EP70_truth3.mp4","0"
"YW_WILTY_EP70_truth4.mp4","0"
"YW_WILTY_EP70_truth5.mp4","0"
"YW_WILTY_EP70_truth6.mp4","0"
"YW_WILTY_EP70_truth7.mp4","0"
"YW_WILTY_EP70_truth8.mp4","0"
"YW_WILTY_EP70_truth9.mp4","0"
